{
  "accuracy": 0.78875,
  "macro_f1": 0.7864250931954564,
  "per_class": {
    "invoice": {
      "precision": 0.7373737373737373,
      "recall": 0.73,
      "f1": 0.7336683417085427,
      "support": 100
    },
    "form": {
      "precision": 0.6355140186915887,
      "recall": 0.68,
      "f1": 0.6570048309178744,
      "support": 100
    },
    "letter": {
      "precision": 0.8365384615384616,
      "recall": 0.87,
      "f1": 0.8529411764705882,
      "support": 100
    },
    "report": {
      "precision": 0.6190476190476191,
      "recall": 0.52,
      "f1": 0.5652173913043478,
      "support": 100
    },
    "email": {
      "precision": 0.9047619047619048,
      "recall": 0.95,
      "f1": 0.926829268292683,
      "support": 100
    },
    "resume": {
      "precision": 0.8947368421052632,
      "recall": 0.85,
      "f1": 0.8717948717948718,
      "support": 100
    },
    "presentation": {
      "precision": 0.7549019607843137,
      "recall": 0.77,
      "f1": 0.7623762376237624,
      "support": 100
    },
    "handwritten": {
      "precision": 0.9038461538461539,
      "recall": 0.94,
      "f1": 0.9215686274509803,
      "support": 100
    }
  },
  "classification_report": {
    "invoice": {
      "precision": 0.7373737373737373,
      "recall": 0.73,
      "f1-score": 0.7336683417085427,
      "support": 100.0
    },
    "form": {
      "precision": 0.6355140186915887,
      "recall": 0.68,
      "f1-score": 0.6570048309178744,
      "support": 100.0
    },
    "letter": {
      "precision": 0.8365384615384616,
      "recall": 0.87,
      "f1-score": 0.8529411764705882,
      "support": 100.0
    },
    "report": {
      "precision": 0.6190476190476191,
      "recall": 0.52,
      "f1-score": 0.5652173913043478,
      "support": 100.0
    },
    "email": {
      "precision": 0.9047619047619048,
      "recall": 0.95,
      "f1-score": 0.926829268292683,
      "support": 100.0
    },
    "resume": {
      "precision": 0.8947368421052632,
      "recall": 0.85,
      "f1-score": 0.8717948717948718,
      "support": 100.0
    },
    "presentation": {
      "precision": 0.7549019607843137,
      "recall": 0.77,
      "f1-score": 0.7623762376237624,
      "support": 100.0
    },
    "handwritten": {
      "precision": 0.9038461538461539,
      "recall": 0.94,
      "f1-score": 0.9215686274509803,
      "support": 100.0
    },
    "accuracy": 0.78875,
    "macro avg": {
      "precision": 0.7858400872686302,
      "recall": 0.7887500000000001,
      "f1-score": 0.7864250931954564,
      "support": 800.0
    },
    "weighted avg": {
      "precision": 0.7858400872686303,
      "recall": 0.78875,
      "f1-score": 0.7864250931954564,
      "support": 800.0
    }
  },
  "n": 800,
  "parameters": 2586568
}