{
  "n": 20,
  "mean_ms": 5.775262339739129,
  "p50_ms": 5.610040971077979,
  "p95_ms": 8.679203875362877,
  "max_ms": 14.048999990336597
}